POL446	1	Period: 16  Name: FSS1 Capacity: 150 Site: 0	
MTH212	1	Period: 0  Name: ENLH1 Capacity: 1200 Site: 0	
EDU216	1	Period: 10  Name: NSLH3 Capacity: 1200 Site: 0	
KHE212	1	Period: 9  Name: EN3 Capacity: 150 Site: 0	
FAA432	1	Period: 10  Name: FAA3 Capacity: 150 Site: 0	
MKG422	1	Period: 12  Name: FMSLR5 Capacity: 150 Site: 0	
ZLG442	1	Period: 9  Name: LR1A Capacity: 150 Site: 0	
FAA424	1	Period: 11  Name: FAA3 Capacity: 150 Site: 0	
AGX372	1	Period: 20  Name: NSLH3 Capacity: 1200 Site: 0	
PHL223	1	Period: 16  Name: FAA1 Capacity: 150 Site: 0	
HSD334	1	Period: 8  Name: FAA3 Capacity: 150 Site: 0	
GEL492	1	Period: 3  Name: LR1A Capacity: 150 Site: 0	
FAA426	1	Period: 1  Name: FAA3 Capacity: 150 Site: 0	
CHE562	1	Period: 24  Name: EN6 Capacity: 150 Site: 0	
BLS202	1	Period: 19  Name: NSLH3 Capacity: 1200 Site: 0	
POL288	1	Period: 24  Name: FSS2 Capacity: 150 Site: 0	
HSD424	1	Period: 21  Name: FAA1 Capacity: 150 Site: 0	
SOC468	1	Period: 23  Name: FSS2 Capacity: 150 Site: 0	
FAA442	1	Period: 20  Name: EN3 Capacity: 150 Site: 0	
HSD498	1	Period: 7  Name: EN10 Capacity: 150 Site: 0	
AED232	1	Period: 8  Name: EN2 Capacity: 150 Site: 0	
POL388	1	Period: 5  Name: ENLH1 Capacity: 1200 Site: 0	
ECO352	1	Period: 2  Name: ENLH1 Capacity: 1200 Site: 0	
MGT352	1	Period: 7  Name: LT1 Capacity: 1200 Site: 0	
ELS425	1	Period: 18  Name: EN10 Capacity: 150 Site: 0	
EDUGST300	1	Period: 4  Name: LH2 Capacity: 1200 Site: 0	
CHE532	1	Period: 20  Name: EN6 Capacity: 150 Site: 0	
MEE542	1	Period: 20  Name: EN7 Capacity: 150 Site: 0	
EDC212	1	Period: 1  Name: LH2 Capacity: 1200 Site: 0	
TEE416	1	Period: 19  Name: AUD Capacity: 1200 Site: 0	
MKG262	1	Period: 10  Name: FMSLR5 Capacity: 150 Site: 0	
CVE564	1	Period: 21  Name: EN6 Capacity: 150 Site: 0	
GEL214	1	Period: 19  Name: FS5 Capacity: 150 Site: 0	
POL222	1	Period: 12  Name: LT1 Capacity: 1200 Site: 0	
BLS314	1	Period: 2  Name: LH2 Capacity: 1200 Site: 0	
FCE232	1	Period: 20  Name: LT1 Capacity: 1200 Site: 0	
BED422	1	Period: 11  Name: LT2 Capacity: 1200 Site: 0	
THA494	1	Period: 23  Name: EN10 Capacity: 150 Site: 0	
THA358	1	Period: 15  Name: FAA3 Capacity: 150 Site: 0	
CHE352	1	Period: 19  Name: ENLH2 Capacity: 1200 Site: 0	
CHM322	1	Period: 18  Name: AUD Capacity: 1200 Site: 0	
BLS242	1	Period: 18  Name: EN2 Capacity: 150 Site: 0	
POL478	1	Period: 5  Name: LT2 Capacity: 1200 Site: 0	
MTH444	1	Period: 0  Name: FS3 Capacity: 150 Site: 0	
MKG474	1	Period: 15  Name: FMSLR2 Capacity: 150 Site: 0	
FAA342	1	Period: 19  Name: EN10 Capacity: 150 Site: 0	
MGTGST212	1	Period: 12  Name: LT2 Capacity: 1200 Site: 0	
SOC364	1	Period: 21  Name: FSS1 Capacity: 150 Site: 0	
ACC412	1	Period: 16  Name: LR4B Capacity: 150 Site: 0	
FAA444	1	Period: 17  Name: EN10 Capacity: 150 Site: 0	
ENGGST102	1	Period: 22  Name: LT2 Capacity: 1200 Site: 0	
MTH418	1	Period: 8  Name: FS3 Capacity: 150 Site: 0	
BLS102	1	Period: 8  Name: BL Capacity: 1200 Site: 0	
MTH332	1	Period: 11  Name: LH2 Capacity: 1200 Site: 0	
FAS362	1	Period: 2  Name: EN3 Capacity: 150 Site: 0	
SCIBLS102	1	Period: 16  Name: LT2 Capacity: 1200 Site: 0	
FAS312	1	Period: 7  Name: EN3 Capacity: 150 Site: 0	
PHY388	1	Period: 11  Name: LR1A Capacity: 150 Site: 0	
ANS202	1	Period: 15  Name: LT2 Capacity: 1200 Site: 0	
THA124	1	Period: 6  Name: FAA1 Capacity: 150 Site: 0	
GEL104	1	Period: 7  Name: LR1A Capacity: 150 Site: 0	
ARTSGST300	1	Period: 6  Name: LH2 Capacity: 1200 Site: 0	
KHE218	1	Period: 23  Name: EN2 Capacity: 150 Site: 0	
HSD326	1	Period: 21  Name: FAA3 Capacity: 150 Site: 0	
FAA344	1	Period: 20  Name: FAA3 Capacity: 150 Site: 0	
POL252	1	Period: 7  Name: LH2 Capacity: 1200 Site: 0	
ENGGST300	1	Period: 21  Name: LT2 Capacity: 1200 Site: 0	
PHL324	1	Period: 18  Name: FAA3 Capacity: 150 Site: 0	
FAA358	1	Period: 23  Name: FAA3 Capacity: 150 Site: 0	
OIM472	1	Period: 18  Name: FMSLR2 Capacity: 150 Site: 0	
SSE114	1	Period: 4  Name: EN10 Capacity: 150 Site: 0	
HSD432	1	Period: 22  Name: FAA3 Capacity: 150 Site: 0	
CVE342	1	Period: 5  Name: EN7 Capacity: 150 Site: 0	
BED112	1	Period: 9  Name: EN10 Capacity: 150 Site: 0	
GEM424	1	Period: 5  Name: LH2 Capacity: 1200 Site: 0	
OIM422	1	Period: 10  Name: LR3B Capacity: 150 Site: 0	
FSC102	1	Period: 15  Name: LH2 Capacity: 1200 Site: 0	
PHL221	1	Period: 4  Name: FAA2 Capacity: 150 Site: 0	
HSD322	1	Period: 0  Name: FAA3 Capacity: 150 Site: 0	
PHY466	1	Period: 21  Name: LR3A Capacity: 150 Site: 0	
ACC456	1	Period: 15  Name: EN2 Capacity: 150 Site: 0	
CVE592	1	Period: 8  Name: EN7 Capacity: 150 Site: 0	
ECO392	1	Period: 19  Name: LR3A Capacity: 150 Site: 0	
THA360	1	Period: 22  Name: FAA1 Capacity: 150 Site: 0	
ADE432	1	Period: 0  Name: LH2 Capacity: 1200 Site: 0	
HED114	1	Period: 6  Name: EN10 Capacity: 150 Site: 0	
THA454	1	Period: 12  Name: FAA3 Capacity: 150 Site: 0	
ADE246	1	Period: 22  Name: AUD Capacity: 1200 Site: 0	
AEE342	1	Period: 17  Name: EN4 Capacity: 150 Site: 0	
ELS227	1	Period: 19  Name: FAA3 Capacity: 150 Site: 0	
ACC322	1	Period: 2  Name: EN1 Capacity: 150 Site: 0	
MGT444	1	Period: 22  Name: LR4B Capacity: 150 Site: 0	
FAA272	1	Period: 23  Name: FAA1 Capacity: 150 Site: 0	
AED212	1	Period: 9  Name: EN1 Capacity: 150 Site: 0	
POL354	1	Period: 3  Name: LH1 Capacity: 1200 Site: 0	
CHE312	1	Period: 11  Name: LR4B Capacity: 150 Site: 0	
EDUGST212	1	Period: 24  Name: AUD Capacity: 1200 Site: 0	
KHE306	1	Period: 18  Name: EN1 Capacity: 150 Site: 0	
THA146	1	Period: 5  Name: FAA1 Capacity: 150 Site: 0	
PEE334	1	Period: 12  Name: LR4B Capacity: 150 Site: 0	
FAA112	1	Period: 4  Name: FAA1 Capacity: 150 Site: 0	
GEM444	1	Period: 17  Name: FSS1 Capacity: 150 Site: 0	
POL212	1	Period: 8  Name: EN6 Capacity: 150 Site: 0	
AEE312	1	Period: 24  Name: EN4 Capacity: 150 Site: 0	
THA216	1	Period: 16  Name: FAA3 Capacity: 150 Site: 0	
GEM234	1	Period: 4  Name: LR2B Capacity: 150 Site: 0	
GEM428	1	Period: 11  Name: FSS1 Capacity: 150 Site: 0	
RST421	1	Period: 11  Name: LT1 Capacity: 1200 Site: 0	
CHM362	1	Period: 20  Name: FS3 Capacity: 150 Site: 0	
AGRICMTH104	1	Period: 3  Name: ENLH1 Capacity: 1200 Site: 0	
PEE566	1	Period: 10  Name: EN7 Capacity: 150 Site: 0	
VTE402	1	Period: 9  Name: NSLH3 Capacity: 1200 Site: 0	
ADU419	1	Period: 6  Name: EN1 Capacity: 150 Site: 0	
FAA462	1	Period: 1  Name: FAA2 Capacity: 150 Site: 0	
HED302	1	Period: 5  Name: EN1 Capacity: 150 Site: 0	
FAA364	1	Period: 24  Name: FAA3 Capacity: 150 Site: 0	
PHL121	1	Period: 7  Name: FAA1 Capacity: 150 Site: 0	
CSC202	1	Period: 12  Name: NSLH3 Capacity: 1200 Site: 0	
GCE212	1	Period: 4  Name: LT2 Capacity: 1200 Site: 0	
ANS402	1	Period: 23  Name: EN5 Capacity: 150 Site: 0	
POL456	1	Period: 12  Name: FSS2 Capacity: 150 Site: 0	
EDU112	1	Period: 0  Name: LT2 Capacity: 1200 Site: 0	
INS454	1	Period: 23  Name: FMSLR2 Capacity: 150 Site: 0	
SOC260	1	Period: 2  Name: FAA1 Capacity: 150 Site: 0	
CHM432	1	Period: 16  Name: LR2A Capacity: 150 Site: 0	
MGT332	1	Period: 23  Name: LR4B Capacity: 150 Site: 0	
TEB422	1	Period: 11  Name: EN1 Capacity: 150 Site: 0	
GCE322	1	Period: 16  Name: LH2 Capacity: 1200 Site: 0	
PHY474	1	Period: 24  Name: NSLH3 Capacity: 1200 Site: 0	
HED230	1	Period: 17  Name: EN1 Capacity: 150 Site: 0	
ELS421	1	Period: 22  Name: EN10 Capacity: 150 Site: 0	
ADU314	1	Period: 3  Name: EN3 Capacity: 150 Site: 0	
CHM414	1	Period: 21  Name: LH2 Capacity: 1200 Site: 0	
SED212	1	Period: 2  Name: LT2 Capacity: 1200 Site: 0	
MCB408	1	Period: 2  Name: FS5 Capacity: 150 Site: 0	
OIM334	1	Period: 15  Name: LR4B Capacity: 150 Site: 0	
SOC226	1	Period: 22  Name: LH2 Capacity: 1200 Site: 0	
KHE308	1	Period: 0  Name: EN3 Capacity: 150 Site: 0	
KHE114	1	Period: 4  Name: EN3 Capacity: 150 Site: 0	
ANS302	1	Period: 10  Name: LR2A Capacity: 150 Site: 0	
PHY288	1	Period: 10  Name: FS3 Capacity: 150 Site: 0	
TEE312	1	Period: 7  Name: LR2A Capacity: 150 Site: 0	
AGRICGST100	1	Period: 0  Name: NSLH1 Capacity: 1200 Site: 0	
RST224	1	Period: 8  Name: FAA2 Capacity: 150 Site: 0	
MAE320	1	Period: 9  Name: EN7 Capacity: 150 Site: 0	
FAA262	1	Period: 24  Name: EN10 Capacity: 150 Site: 0	
ZLG244	1	Period: 18  Name: FS5 Capacity: 150 Site: 0	
ECO472	1	Period: 22  Name: LT3 Capacity: 1200 Site: 0	
ANS312	1	Period: 24  Name: LH3 Capacity: 1200 Site: 0	
FAB346	1	Period: 24  Name: FMSLR5 Capacity: 150 Site: 0	
SCIGST300	1	Period: 5  Name: FS5 Capacity: 150 Site: 0	
HSD226	1	Period: 16  Name: EN10 Capacity: 150 Site: 0	
GEM114	1	Period: 23  Name: LH3 Capacity: 1200 Site: 0	
PEE324	1	Period: 6  Name: FS5 Capacity: 150 Site: 0	
SCIGST102	1	Period: 23  Name: LT3 Capacity: 1200 Site: 0	
POL312	1	Period: 4  Name: FSS2 Capacity: 150 Site: 0	
SOC466	1	Period: 15  Name: FSS2 Capacity: 150 Site: 0	
ELS327	1	Period: 3  Name: FAA3 Capacity: 150 Site: 0	
ADE212	1	Period: 2  Name: NSLH2 Capacity: 1200 Site: 0	
THA266	1	Period: 24  Name: FAA1 Capacity: 150 Site: 0	
ARTSGST102	1	Period: 20  Name: LH3 Capacity: 1200 Site: 0	
EDM408	1	Period: 0  Name: NSLH2 Capacity: 1200 Site: 0	
SOC224	1	Period: 7  Name: FSS2 Capacity: 150 Site: 0	
SSE314	1	Period: 1  Name: LR2A Capacity: 150 Site: 0	
ACC112	1	Period: 1  Name: NSLH2 Capacity: 1200 Site: 0	
TED322	1	Period: 18  Name: LH3 Capacity: 1200 Site: 0	
RST226	1	Period: 2  Name: FAA3 Capacity: 150 Site: 0	
CVE354	1	Period: 16  Name: EN7 Capacity: 150 Site: 0	
GEM416	1	Period: 7  Name: LR4B Capacity: 150 Site: 0	
CHM482	1	Period: 23  Name: LR2A Capacity: 150 Site: 0	
MEE512	1	Period: 18  Name: EN7 Capacity: 150 Site: 0	
FAS202	1	Period: 24  Name: LT3 Capacity: 1200 Site: 0	
CMP336	1	Period: 1  Name: FS5 Capacity: 150 Site: 0	
ACC472	1	Period: 19  Name: FMSLR5 Capacity: 150 Site: 0	
AGE352	1	Period: 4  Name: LR2A Capacity: 150 Site: 0	
ELS221	1	Period: 12  Name: NSLH1 Capacity: 1200 Site: 0	
SED312	1	Period: 18  Name: LR2B Capacity: 150 Site: 0	
BTY212	1	Period: 23  Name: LR3A Capacity: 150 Site: 0	
RDT221	1	Period: 8  Name: LR2B Capacity: 150 Site: 0	
SSE112	1	Period: 9  Name: LR2B Capacity: 150 Site: 0	
ADU312	1	Period: 7  Name: LR2B Capacity: 150 Site: 0	
ELS424	1	Period: 15  Name: LT3 Capacity: 1200 Site: 0	
EEE592	1	Period: 11  Name: EN4 Capacity: 150 Site: 0	
EDUBLS102	1	Period: 8  Name: NSLH1 Capacity: 1200 Site: 0	
MEE314	1	Period: 6  Name: NSLH1 Capacity: 1200 Site: 0	
AEE532	1	Period: 8  Name: EN4 Capacity: 150 Site: 0	
OIM442	1	Period: 2  Name: LR3B Capacity: 150 Site: 0	
MEE322	1	Period: 15  Name: EN4 Capacity: 150 Site: 0	
GEL212	1	Period: 16  Name: FS5 Capacity: 150 Site: 0	
BLS426	1	Period: 6  Name: EN6 Capacity: 150 Site: 0	
SOC248	1	Period: 17  Name: FSS2 Capacity: 150 Site: 0	
HED112	1	Period: 15  Name: LR2B Capacity: 150 Site: 0	
BEM322	1	Period: 12  Name: LR2B Capacity: 150 Site: 0	
POL134	1	Period: 3  Name: NSLH1 Capacity: 1200 Site: 0	
MCB334	1	Period: 21  Name: FS3 Capacity: 150 Site: 0	
OIM462	1	Period: 21  Name: EN1 Capacity: 150 Site: 0	
GCE122	1	Period: 19  Name: LT3 Capacity: 1200 Site: 0	
GEL326	1	Period: 15  Name: FS5 Capacity: 150 Site: 0	
LAW346	1	Period: 5  Name: FMSLR5 Capacity: 150 Site: 0	
MEE312	1	Period: 23  Name: LR2B Capacity: 150 Site: 0	
GEM426	1	Period: 10  Name: FSS1 Capacity: 150 Site: 0	
PHY374	1	Period: 22  Name: FS3 Capacity: 150 Site: 0	
EEE362	1	Period: 9  Name: EN4 Capacity: 150 Site: 0	
PHL122	1	Period: 17  Name: FAA1 Capacity: 150 Site: 0	
EEE588	1	Period: 20  Name: EN4 Capacity: 150 Site: 0	
INS316	1	Period: 3  Name: FMSLR5 Capacity: 150 Site: 0	
TED222	1	Period: 5  Name: EN6 Capacity: 150 Site: 0	
HSD132	1	Period: 4  Name: FAA3 Capacity: 150 Site: 0	
GEM432	1	Period: 2  Name: FSS1 Capacity: 150 Site: 0	
POL464	1	Period: 11  Name: FSS2 Capacity: 150 Site: 0	
CHM102	1	Period: 9  Name: CL Capacity: 1200 Site: 0	
SOC482	1	Period: 16  Name: FSS2 Capacity: 150 Site: 0	
CMP422	1	Period: 8  Name: FS5 Capacity: 150 Site: 0	
ACC224	1	Period: 9  Name: NSLH2 Capacity: 1200 Site: 0	
ECO274	1	Period: 7  Name: FSS1 Capacity: 150 Site: 0	
ELS124	1	Period: 11  Name: FAA1 Capacity: 150 Site: 0	
FAA434	1	Period: 17  Name: FAA3 Capacity: 150 Site: 0	
PHL224	1	Period: 10  Name: FAA1 Capacity: 150 Site: 0	
FAA328	1	Period: 11  Name: ENLH1 Capacity: 1200 Site: 0	
AED222	1	Period: 16  Name: LR2B Capacity: 150 Site: 0	
MEE533	1	Period: 2  Name: EN7 Capacity: 150 Site: 0	
TEB432	1	Period: 21  Name: LR2B Capacity: 150 Site: 0	
GCE324	1	Period: 1  Name: LH3 Capacity: 1200 Site: 0	
ADE322	1	Period: 0  Name: LH3 Capacity: 1200 Site: 0	
FAA466	1	Period: 24  Name: EN9 Capacity: 150 Site: 0	
GEL444	1	Period: 1  Name: LR4B Capacity: 150 Site: 0	
CMP312	1	Period: 12  Name: LR3A Capacity: 150 Site: 0	
PHY252	1	Period: 11  Name: NSLH2 Capacity: 1200 Site: 0	
ELS225	1	Period: 22  Name: EN9 Capacity: 150 Site: 0	
SWE302	1	Period: 24  Name: NSLH2 Capacity: 1200 Site: 0	
SOC360	1	Period: 16  Name: LR3B Capacity: 150 Site: 0	
ENGGST212	1	Period: 12  Name: NSLH2 Capacity: 1200 Site: 0	
FAB326	1	Period: 1  Name: FMSLR5 Capacity: 150 Site: 0	
BED322	1	Period: 23  Name: NSLH2 Capacity: 1200 Site: 0	
GEL112	1	Period: 6  Name: LR3B Capacity: 150 Site: 0	
RST122	1	Period: 15  Name: NSLH2 Capacity: 1200 Site: 0	
PEE546	1	Period: 4  Name: EN7 Capacity: 150 Site: 0	
ELS322	1	Period: 21  Name: NSLH2 Capacity: 1200 Site: 0	
POL348	1	Period: 22  Name: LR2B Capacity: 150 Site: 0	
TEM422	1	Period: 19  Name: LR2B Capacity: 150 Site: 0	
EDU442	1	Period: 16  Name: NSLH2 Capacity: 1200 Site: 0	
MCB232	1	Period: 24  Name: LR3A Capacity: 150 Site: 0	
MEE583	1	Period: 6  Name: EN7 Capacity: 150 Site: 0	
ANS232	1	Period: 20  Name: NSLH2 Capacity: 1200 Site: 0	
HSD342	1	Period: 9  Name: EN2 Capacity: 150 Site: 0	
MTH236	1	Period: 19  Name: NSLH2 Capacity: 1200 Site: 0	
FAA214	1	Period: 1  Name: EN2 Capacity: 150 Site: 0	
PHL321	1	Period: 2  Name: EN2 Capacity: 150 Site: 0	
ZLG342	1	Period: 8  Name: LR4A Capacity: 150 Site: 0	
TEM432	1	Period: 11  Name: LR2B Capacity: 150 Site: 0	
MEE522	1	Period: 1  Name: ENLH2 Capacity: 1200 Site: 0	
MGT418	1	Period: 19  Name: LR4B Capacity: 150 Site: 0	
EDM306	1	Period: 12  Name: LH3 Capacity: 1200 Site: 0	
MGT414	1	Period: 20  Name: LR4B Capacity: 150 Site: 0	
CVE362	1	Period: 0  Name: ENLH2 Capacity: 1200 Site: 0	
EEE314	1	Period: 16  Name: EN4 Capacity: 150 Site: 0	
RST322	1	Period: 17  Name: LR2B Capacity: 150 Site: 0	
BCM202	1	Period: 10  Name: LR4A Capacity: 150 Site: 0	
FRL222	1	Period: 6  Name: LR4B Capacity: 150 Site: 0	
FAA212	1	Period: 22  Name: FAA2 Capacity: 150 Site: 0	
ECO374	1	Period: 18  Name: LR3A Capacity: 150 Site: 0	
ACC452	1	Period: 23  Name: FMSLR5 Capacity: 150 Site: 0	
ECO112	1	Period: 3  Name: LH3 Capacity: 1200 Site: 0	
HSD126	1	Period: 21  Name: EN7 Capacity: 150 Site: 0	
OIM332	1	Period: 24  Name: EN1 Capacity: 150 Site: 0	
FAA338	1	Period: 18  Name: EN9 Capacity: 150 Site: 0	
CVE584	1	Period: 9  Name: ENLH2 Capacity: 1200 Site: 0	
POL468	1	Period: 8  Name: LR3A Capacity: 150 Site: 0	
STA262	1	Period: 17  Name: LR3A Capacity: 150 Site: 0	
POL412	1	Period: 5  Name: LR3A Capacity: 150 Site: 0	
FAA336	1	Period: 15  Name: EN9 Capacity: 150 Site: 0	
BLS302	1	Period: 6  Name: LH3 Capacity: 1200 Site: 0	
MTH484	1	Period: 9  Name: LR3A Capacity: 150 Site: 0	
MGT412	1	Period: 15  Name: FMSLR5 Capacity: 150 Site: 0	
CHM462	1	Period: 4  Name: LR3A Capacity: 150 Site: 0	
SOCGST212	1	Period: 5  Name: LH3 Capacity: 1200 Site: 0	
OIM242	1	Period: 16  Name: FMSLR5 Capacity: 150 Site: 0	
FEC302	1	Period: 8  Name: ENLH2 Capacity: 1200 Site: 0	
FAA354	1	Period: 12  Name: EN9 Capacity: 150 Site: 0	
PEE362	1	Period: 16  Name: ENLH2 Capacity: 1200 Site: 0	
FAA218	1	Period: 9  Name: LR4A Capacity: 150 Site: 0	
FAA476	1	Period: 16  Name: EN9 Capacity: 150 Site: 0	
EDUGST102	1	Period: 10  Name: AUD Capacity: 1200 Site: 0	
FAB444	1	Period: 4  Name: FMSLR5 Capacity: 150 Site: 0	
FAA362	1	Period: 11  Name: EN9 Capacity: 150 Site: 0	
AED312	1	Period: 6  Name: LR2A Capacity: 150 Site: 0	
TEE432	1	Period: 3  Name: LR2A Capacity: 150 Site: 0	
EDU302	1	Period: 11  Name: AUD Capacity: 1200 Site: 0	
FAA324	1	Period: 19  Name: ENLH1 Capacity: 1200 Site: 0	
GEM122	1	Period: 17  Name: LH1 Capacity: 1200 Site: 0	
OIM342	1	Period: 0  Name: LR2A Capacity: 150 Site: 0	
TEB412	1	Period: 6  Name: LR2B Capacity: 150 Site: 0	
PHY104	1	Period: 19  Name: LR3B Capacity: 150 Site: 0	
KHE304	1	Period: 8  Name: LR2A Capacity: 150 Site: 0	
HSD344	1	Period: 5  Name: LR2A Capacity: 150 Site: 0	
GEM142	1	Period: 22  Name: LR3B Capacity: 150 Site: 0	
PHL326	1	Period: 12  Name: LR2A Capacity: 150 Site: 0	
TEA412	1	Period: 24  Name: EN2 Capacity: 150 Site: 0	
BUS312	1	Period: 22  Name: LH1 Capacity: 1200 Site: 0	
HED304	1	Period: 1  Name: EN3 Capacity: 150 Site: 0	
CHM222	1	Period: 19  Name: LH1 Capacity: 1200 Site: 0	
PHL424	1	Period: 16  Name: ENLH1 Capacity: 1200 Site: 0	
RST423	1	Period: 15  Name: ENLH1 Capacity: 1200 Site: 0	
ELS222	1	Period: 7  Name: AUD Capacity: 1200 Site: 0	
MKG346	1	Period: 17  Name: FMSLR5 Capacity: 150 Site: 0	
BED122	1	Period: 5  Name: EN3 Capacity: 150 Site: 0	
ECO332	1	Period: 9  Name: FSS1 Capacity: 150 Site: 0	
HED224	1	Period: 3  Name: LR2B Capacity: 150 Site: 0	
CVE538	1	Period: 23  Name: EN3 Capacity: 150 Site: 0	
AED412	1	Period: 15  Name: EN1 Capacity: 150 Site: 0	
FAB452	1	Period: 22  Name: FMSLR5 Capacity: 150 Site: 0	
CHE342	1	Period: 2  Name: EN4 Capacity: 150 Site: 0	
FCE246	1	Period: 2  Name: AUD Capacity: 1200 Site: 0	
SOCGST102	1	Period: 5  Name: AUD Capacity: 1200 Site: 0	
FAA334	1	Period: 19  Name: LR2A Capacity: 150 Site: 0	
BUS242	1	Period: 4  Name: LH1 Capacity: 1200 Site: 0	
PHY472	1	Period: 10  Name: LH1 Capacity: 1200 Site: 0	
EDU214	1	Period: 21  Name: AUD Capacity: 1200 Site: 0	
BUS474	1	Period: 11  Name: FMSLR5 Capacity: 150 Site: 0	
FCE302	1	Period: 8  Name: LH1 Capacity: 1200 Site: 0	
HSD324	1	Period: 15  Name: LR2A Capacity: 150 Site: 0	
HSD422	1	Period: 18  Name: LR2A Capacity: 150 Site: 0	
FCE132	1	Period: 9  Name: LH1 Capacity: 1200 Site: 0	
BTY314	1	Period: 1  Name: FS3 Capacity: 150 Site: 0	
SOC134	1	Period: 20  Name: FSS1 Capacity: 150 Site: 0	
PHL225	1	Period: 8  Name: ENLH1 Capacity: 1200 Site: 0	
EEE504	1	Period: 22  Name: EN3 Capacity: 150 Site: 0	
CHE544	1	Period: 1  Name: EN4 Capacity: 150 Site: 0	
GCE113	1	Period: 7  Name: LH1 Capacity: 1200 Site: 0	
SED204	1	Period: 16  Name: EN1 Capacity: 150 Site: 0	
TED212	1	Period: 7  Name: EN6 Capacity: 150 Site: 0	
HSD343	1	Period: 10  Name: EN1 Capacity: 150 Site: 0	
AEE332	1	Period: 11  Name: EN3 Capacity: 150 Site: 0	
CHE362	1	Period: 17  Name: EN6 Capacity: 150 Site: 0	
PEE346	1	Period: 18  Name: EN6 Capacity: 150 Site: 0	
MTH416	1	Period: 24  Name: FS5 Capacity: 150 Site: 0	
TEW432	1	Period: 7  Name: EN1 Capacity: 150 Site: 0	
ELS223	1	Period: 10  Name: ENLH1 Capacity: 1200 Site: 0	
FAA446	1	Period: 21  Name: LR2A Capacity: 150 Site: 0	
EDU412	1	Period: 12  Name: AUD Capacity: 1200 Site: 0	
CVE332	1	Period: 22  Name: EN6 Capacity: 150 Site: 0	
MTH448	1	Period: 23  Name: FS5 Capacity: 150 Site: 0	
FAA332	1	Period: 0  Name: EN2 Capacity: 150 Site: 0	
PHY434	1	Period: 9  Name: FS3 Capacity: 150 Site: 0	
ZLG242	1	Period: 16  Name: LR1A Capacity: 150 Site: 0	
HSD438	1	Period: 17  Name: LR2A Capacity: 150 Site: 0	
CMP458	1	Period: 6  Name: LR1A Capacity: 150 Site: 0	
SED404	1	Period: 6  Name: EN5 Capacity: 150 Site: 0	
BLS206	1	Period: 8  Name: LR1A Capacity: 150 Site: 0	
PHY314	1	Period: 5  Name: LR1A Capacity: 150 Site: 0	
MTH344	1	Period: 12  Name: FS3 Capacity: 150 Site: 0	
SED314	1	Period: 8  Name: EN1 Capacity: 150 Site: 0	
KHE214	1	Period: 3  Name: EN1 Capacity: 150 Site: 0	
EEE534	1	Period: 12  Name: EN6 Capacity: 150 Site: 0	
HED226	1	Period: 4  Name: EN1 Capacity: 150 Site: 0	
ANS408	1	Period: 20  Name: EN5 Capacity: 150 Site: 0	
RST222	1	Period: 9  Name: ENLH1 Capacity: 1200 Site: 0	
HSD128	1	Period: 6  Name: ENLH1 Capacity: 1200 Site: 0	
ADU416	1	Period: 1  Name: EN1 Capacity: 150 Site: 0	
TEE422	1	Period: 0  Name: EN1 Capacity: 150 Site: 0	
EDU218	1	Period: 6  Name: LT3 Capacity: 1200 Site: 0	
EEE302	1	Period: 15  Name: EN6 Capacity: 150 Site: 0	
SCIGST222	1	Period: 5  Name: LT3 Capacity: 1200 Site: 0	
POL111	1	Period: 23  Name: NSLH1 Capacity: 1200 Site: 0	
HSD328	1	Period: 22  Name: NSLH1 Capacity: 1200 Site: 0	
FAB412	1	Period: 0  Name: LR3B Capacity: 150 Site: 0	
CHE516	1	Period: 5  Name: EN4 Capacity: 150 Site: 0	
CHE314	1	Period: 6  Name: EN4 Capacity: 150 Site: 0	
EDU482	1	Period: 8  Name: LT3 Capacity: 1200 Site: 0	
EEE532	1	Period: 10  Name: ENLH2 Capacity: 1200 Site: 0	
RST325	1	Period: 19  Name: NSLH1 Capacity: 1200 Site: 0	
HSD448	1	Period: 6  Name: EN2 Capacity: 150 Site: 0	
HSD336	1	Period: 23  Name: EN9 Capacity: 150 Site: 0	
HED222	1	Period: 10  Name: LR2B Capacity: 150 Site: 0	
MTH258	1	Period: 16  Name: NSLH1 Capacity: 1200 Site: 0	
PHY342	1	Period: 17  Name: LR1A Capacity: 150 Site: 0	
CSC408	1	Period: 5  Name: LR2B Capacity: 150 Site: 0	
SED406	1	Period: 2  Name: LR2B Capacity: 150 Site: 0	
THA310	1	Period: 20  Name: LR2A Capacity: 150 Site: 0	
ACC422	1	Period: 24  Name: LR4B Capacity: 150 Site: 0	
PHL426	1	Period: 2  Name: EN9 Capacity: 150 Site: 0	
AED322	1	Period: 1  Name: LR2B Capacity: 150 Site: 0	
HSD228	1	Period: 17  Name: LR4A Capacity: 150 Site: 0	
BLS308	1	Period: 19  Name: FS3 Capacity: 150 Site: 0	
RST422	1	Period: 2  Name: LR2A Capacity: 150 Site: 0	
BTY312	1	Period: 16  Name: FS3 Capacity: 150 Site: 0	
EDM402	1	Period: 10  Name: LT3 Capacity: 1200 Site: 0	
EDU212	1	Period: 15  Name: NSLH1 Capacity: 1200 Site: 0	
BLS204	1	Period: 20  Name: NSLH1 Capacity: 1200 Site: 0	
STA204	1	Period: 4  Name: FS3 Capacity: 150 Site: 0	
TEM312	1	Period: 0  Name: LR2B Capacity: 150 Site: 0	
PHY108	1	Period: 9  Name: PL Capacity: 1200 Site: 0	
SSC332	1	Period: 23  Name: LT2 Capacity: 1200 Site: 0	
THA168	1	Period: 7  Name: EN2 Capacity: 150 Site: 0	
STA132	1	Period: 24  Name: LT2 Capacity: 1200 Site: 0	
RST326	1	Period: 16  Name: FAA2 Capacity: 150 Site: 0	
FAA314	1	Period: 1  Name: LT3 Capacity: 1200 Site: 0	
FAS332	1	Period: 22  Name: EN1 Capacity: 150 Site: 0	
PHY491	1	Period: 0  Name: LT3 Capacity: 1200 Site: 0	
SSE212	1	Period: 20  Name: EN1 Capacity: 150 Site: 0	
FCE262	1	Period: 0  Name: LT1 Capacity: 1200 Site: 0	
PHY336	1	Period: 21  Name: LR1A Capacity: 150 Site: 0	
GEM212	1	Period: 9  Name: EN6 Capacity: 150 Site: 0	
TEB322	1	Period: 23  Name: EN1 Capacity: 150 Site: 0	
FAA312	1	Period: 3  Name: LT3 Capacity: 1200 Site: 0	
RST323	1	Period: 2  Name: LT1 Capacity: 1200 Site: 0	
ACC413	1	Period: 17  Name: LR4B Capacity: 150 Site: 0	
SOC464	1	Period: 8  Name: FSS1 Capacity: 150 Site: 0	
FAS352	1	Period: 12  Name: EN1 Capacity: 150 Site: 0	
FAB334	1	Period: 18  Name: LR4B Capacity: 150 Site: 0	
ARTSGST212	1	Period: 3  Name: LT1 Capacity: 1200 Site: 0	
EDU152	1	Period: 2  Name: LT3 Capacity: 1200 Site: 0	
THA228	1	Period: 17  Name: FAA2 Capacity: 150 Site: 0	
THA210	1	Period: 11  Name: FAA2 Capacity: 150 Site: 0	
ADE122	1	Period: 4  Name: LT3 Capacity: 1200 Site: 0	
AED432	1	Period: 19  Name: EN1 Capacity: 150 Site: 0	
MCB436	1	Period: 12  Name: LR1A Capacity: 150 Site: 0	
CHE322	1	Period: 7  Name: ENLH2 Capacity: 1200 Site: 0	
ADE332	1	Period: 1  Name: LT1 Capacity: 1200 Site: 0	
FAA346	1	Period: 23  Name: FAA2 Capacity: 150 Site: 0	
PHY398	1	Period: 3  Name: AUD Capacity: 1200 Site: 0	
POL426	1	Period: 21  Name: FSS2 Capacity: 150 Site: 0	
FAS408	1	Period: 10  Name: EN10 Capacity: 150 Site: 0	
MTH442	1	Period: 7  Name: FS3 Capacity: 150 Site: 0	
GEM316	1	Period: 17  Name: NSLH1 Capacity: 1200 Site: 0	
SOCGST222	1	Period: 21  Name: NSLH1 Capacity: 1200 Site: 0	
THA212	1	Period: 2  Name: FAA2 Capacity: 150 Site: 0	
FAS402	1	Period: 4  Name: LR1B Capacity: 150 Site: 0	
CMP424	1	Period: 17  Name: FS5 Capacity: 150 Site: 0	
ENGGST110	1	Period: 24  Name: NSLH1 Capacity: 1200 Site: 0	
PHY412	1	Period: 6  Name: FS3 Capacity: 150 Site: 0	
ACC342	1	Period: 8  Name: EN10 Capacity: 150 Site: 0	
PHY462	1	Period: 15  Name: FS3 Capacity: 150 Site: 0	
EEE562	1	Period: 16  Name: EN6 Capacity: 150 Site: 0	
CHM332	1	Period: 11  Name: FS3 Capacity: 150 Site: 0	
GEM334	1	Period: 15  Name: AUD Capacity: 1200 Site: 0	
SOC114	1	Period: 19  Name: FSS2 Capacity: 150 Site: 0	
INS444	1	Period: 21  Name: LR3B Capacity: 150 Site: 0	
AEE502	1	Period: 19  Name: EN6 Capacity: 150 Site: 0	
SOCGST100	1	Period: 12  Name: LH1 Capacity: 1200 Site: 0	
PHL222	1	Period: 18  Name: FAA2 Capacity: 150 Site: 0	
EDM404	1	Period: 9  Name: AUD Capacity: 1200 Site: 0	
PEE562	1	Period: 19  Name: EN4 Capacity: 150 Site: 0	
GEL408	1	Period: 2  Name: LR1A Capacity: 150 Site: 0	
SOC446	1	Period: 19  Name: FSS1 Capacity: 150 Site: 0	
RST225	1	Period: 21  Name: FAA2 Capacity: 150 Site: 0	
FAA454	1	Period: 15  Name: FAA2 Capacity: 150 Site: 0	
PEE352	1	Period: 0  Name: EN4 Capacity: 150 Site: 0	
RST215	1	Period: 16  Name: EN2 Capacity: 150 Site: 0	
ANS322	1	Period: 5  Name: LH1 Capacity: 1200 Site: 0	
RST221	1	Period: 4  Name: AUD Capacity: 1200 Site: 0	
CHE568	1	Period: 10  Name: EN4 Capacity: 150 Site: 0	
FAS406	1	Period: 12  Name: EN10 Capacity: 150 Site: 0	
FAA216	1	Period: 6  Name: FAA2 Capacity: 150 Site: 0	
EDUCHM102	1	Period: 1  Name: AUD Capacity: 1200 Site: 0	
ELS422	1	Period: 10  Name: FAA2 Capacity: 150 Site: 0	
SOCGST300	1	Period: 23  Name: LH1 Capacity: 1200 Site: 0	
ACC462	1	Period: 9  Name: FMSLR2 Capacity: 150 Site: 0	
CTC322	1	Period: 15  Name: EN10 Capacity: 150 Site: 0	
POL454	1	Period: 15  Name: LR3B Capacity: 150 Site: 0	
MTH328	1	Period: 6  Name: AUD Capacity: 1200 Site: 0	
THA332	1	Period: 0  Name: FAA1 Capacity: 150 Site: 0	
INS222	1	Period: 20  Name: LH1 Capacity: 1200 Site: 0	
SED202	1	Period: 19  Name: EN3 Capacity: 150 Site: 0	
THA456	1	Period: 8  Name: FAA1 Capacity: 150 Site: 0	
HSD352	1	Period: 7  Name: FAA2 Capacity: 150 Site: 0	
CMP436	1	Period: 0  Name: LR3A Capacity: 150 Site: 0	
SOC366	1	Period: 10  Name: LR3A Capacity: 150 Site: 0	
HED308	1	Period: 6  Name: EN3 Capacity: 150 Site: 0	
EEE564	1	Period: 3  Name: ENLH2 Capacity: 1200 Site: 0	
FAB442	1	Period: 7  Name: LR3B Capacity: 150 Site: 0	
HSD446	1	Period: 3  Name: FAA1 Capacity: 150 Site: 0	
ECO242	1	Period: 4  Name: LH3 Capacity: 1200 Site: 0	
TEW312	1	Period: 10  Name: EN3 Capacity: 150 Site: 0	
CHM212	1	Period: 8  Name: NSLH2 Capacity: 1200 Site: 0	
EDM312	1	Period: 19  Name: EN2 Capacity: 150 Site: 0	
EDU312	1	Period: 9  Name: LH3 Capacity: 1200 Site: 0	
MTH412	1	Period: 5  Name: NSLH2 Capacity: 1200 Site: 0	
ADE372	1	Period: 10  Name: LH3 Capacity: 1200 Site: 0	
ECO424	1	Period: 15  Name: LR3A Capacity: 150 Site: 0	
AEE314	1	Period: 10  Name: EN6 Capacity: 150 Site: 0	
GEM442	1	Period: 4  Name: NSLH2 Capacity: 1200 Site: 0	
PHL423	1	Period: 12  Name: FAA2 Capacity: 150 Site: 0	
CVE548	1	Period: 2  Name: ENLH2 Capacity: 1200 Site: 0	
FAA412	1	Period: 18  Name: NSLH2 Capacity: 1200 Site: 0	
EEE212	1	Period: 5  Name: ENLH2 Capacity: 1200 Site: 0	
POL124	1	Period: 11  Name: LH3 Capacity: 1200 Site: 0	
KHE112	1	Period: 12  Name: EN3 Capacity: 150 Site: 0	
SCIMTH104	1	Period: 17  Name: NSLH2 Capacity: 1200 Site: 0	
PHY464	1	Period: 23  Name: LR3B Capacity: 150 Site: 0	
PHY436	1	Period: 5  Name: LR4A Capacity: 150 Site: 0	
TEA312	1	Period: 8  Name: EN3 Capacity: 150 Site: 0	
BEO322	1	Period: 15  Name: EN3 Capacity: 150 Site: 0	
FAA474	1	Period: 3  Name: EN9 Capacity: 150 Site: 0	
OIM324	1	Period: 1  Name: FMSLR2 Capacity: 150 Site: 0	
VTE202	1	Period: 22  Name: NSLH2 Capacity: 1200 Site: 0	
ACC332	1	Period: 7  Name: FMSLR2 Capacity: 150 Site: 0	
ECO412	1	Period: 9  Name: FSS2 Capacity: 150 Site: 0	
BLS304	1	Period: 24  Name: EN3 Capacity: 150 Site: 0	
GEM267	1	Period: 17  Name: EN3 Capacity: 150 Site: 0	
FAA326	1	Period: 10  Name: EN9 Capacity: 150 Site: 0	
CMP204	1	Period: 23  Name: FS3 Capacity: 150 Site: 0	
FAB416	1	Period: 10  Name: FMSLR2 Capacity: 150 Site: 0	
FAB422	1	Period: 8  Name: FMSLR2 Capacity: 150 Site: 0	
FAA456	1	Period: 4  Name: LR4A Capacity: 150 Site: 0	
EEE232	1	Period: 11  Name: EN7 Capacity: 150 Site: 0	
FAA322	1	Period: 4  Name: EN9 Capacity: 150 Site: 0	
POL352	1	Period: 17  Name: EN2 Capacity: 150 Site: 0	
STA476	1	Period: 9  Name: FS5 Capacity: 150 Site: 0	
SOC222	1	Period: 6  Name: EN9 Capacity: 150 Site: 0	
FAA378	1	Period: 8  Name: EN9 Capacity: 150 Site: 0	
CSC402	1	Period: 16  Name: EN3 Capacity: 150 Site: 0	
MKG432	1	Period: 3  Name: FMSLR2 Capacity: 150 Site: 0	
EDM102	1	Period: 5  Name: NSLH1 Capacity: 1200 Site: 0	
TEE412	1	Period: 18  Name: EN3 Capacity: 150 Site: 0	
CVE546	1	Period: 12  Name: EN4 Capacity: 150 Site: 0	
ELS211	1	Period: 20  Name: EN2 Capacity: 150 Site: 0	
GEM324	1	Period: 4  Name: NSLH1 Capacity: 1200 Site: 0	
AGX332	1	Period: 21  Name: EN2 Capacity: 150 Site: 0	
FAA436	1	Period: 15  Name: LR4A Capacity: 150 Site: 0	
HSD136	1	Period: 23  Name: LR4A Capacity: 150 Site: 0	
SOC316	1	Period: 7  Name: LR4A Capacity: 150 Site: 0	
EDU492	1	Period: 20  Name: LT3 Capacity: 1200 Site: 0	
ANS332	1	Period: 16  Name: LT3 Capacity: 1200 Site: 0	
INS414	1	Period: 1  Name: LR3B Capacity: 150 Site: 0	
PEE544	1	Period: 18  Name: EN4 Capacity: 150 Site: 0	
POL366	1	Period: 20  Name: LR3A Capacity: 150 Site: 0	
POL458	1	Period: 24  Name: LR2A Capacity: 150 Site: 0	
ELS121	1	Period: 3  Name: NSLH2 Capacity: 1200 Site: 0	
PHY416	1	Period: 5  Name: LR4B Capacity: 150 Site: 0	
GCE112	1	Period: 21  Name: LH3 Capacity: 1200 Site: 0	
ADE346	1	Period: 22  Name: LH3 Capacity: 1200 Site: 0	
GEM336	1	Period: 3  Name: FSS2 Capacity: 150 Site: 0	
FAA126	1	Period: 11  Name: LR4A Capacity: 150 Site: 0	
MGT342	1	Period: 5  Name: FMSLR2 Capacity: 150 Site: 0	
CMP202	1	Period: 18  Name: NSLH3 Capacity: 1200 Site: 0	
CHM342	1	Period: 3  Name: FS5 Capacity: 150 Site: 0	
EDU314	1	Period: 23  Name: LH2 Capacity: 1200 Site: 0	
EDUMTH104	1	Period: 21  Name: EN3 Capacity: 150 Site: 0	
ANS404	1	Period: 22  Name: EN2 Capacity: 150 Site: 0	
HSD436	1	Period: 0  Name: EN9 Capacity: 150 Site: 0	
EDM202	1	Period: 22  Name: NSLH3 Capacity: 1200 Site: 0	
ACC122	1	Period: 11  Name: FMSLR2 Capacity: 150 Site: 0	
PHY498	1	Period: 4  Name: ENLH1 Capacity: 1200 Site: 0	
ELS323	1	Period: 15  Name: NSLH3 Capacity: 1200 Site: 0	
MKG352	1	Period: 1  Name: EN10 Capacity: 150 Site: 0	
EEE586	1	Period: 4  Name: LR4B Capacity: 150 Site: 0	
THA372	1	Period: 18  Name: LR4A Capacity: 150 Site: 0	
BUS112	1	Period: 0  Name: LH1 Capacity: 1200 Site: 0	
AGRICBLS102	1	Period: 23  Name: LT1 Capacity: 1200 Site: 0	
BED312	1	Period: 19  Name: LT1 Capacity: 1200 Site: 0	
MTH106	1	Period: 21  Name: LT1 Capacity: 1200 Site: 0	
GEM332	1	Period: 11  Name: LR3B Capacity: 150 Site: 0	
TEW422	1	Period: 0  Name: EN10 Capacity: 150 Site: 0	
MTH242	1	Period: 24  Name: LR3B Capacity: 150 Site: 0	
KHE302	1	Period: 2  Name: EN10 Capacity: 150 Site: 0	
EEE572	1	Period: 23  Name: EN4 Capacity: 150 Site: 0	
AED422	1	Period: 11  Name: EN2 Capacity: 150 Site: 0	
ELS122	1	Period: 17  Name: AUD Capacity: 1200 Site: 0	
EEE372	1	Period: 10  Name: LR4B Capacity: 150 Site: 0	
CHM412	1	Period: 7  Name: LR3A Capacity: 150 Site: 0	
ECO192	1	Period: 17  Name: LH2 Capacity: 1200 Site: 0	
EDM302	1	Period: 7  Name: LT2 Capacity: 1200 Site: 0	
ENGPHY106	1	Period: 6  Name: LT2 Capacity: 1200 Site: 0	
GCE222	1	Period: 9  Name: LT2 Capacity: 1200 Site: 0	
MKG344	1	Period: 5  Name: LR3B Capacity: 150 Site: 0	
SOC374	1	Period: 6  Name: LR3A Capacity: 150 Site: 0	
GEM412	1	Period: 1  Name: LR4A Capacity: 150 Site: 0	
AGRICCHM102	1	Period: 18  Name: LT2 Capacity: 1200 Site: 0	
RST223	1	Period: 20  Name: LT2 Capacity: 1200 Site: 0	
TEE314	1	Period: 10  Name: LH2 Capacity: 1200 Site: 0	
PEE332	1	Period: 7  Name: EN7 Capacity: 150 Site: 0	
SED402	1	Period: 3  Name: EN10 Capacity: 150 Site: 0	
MKG412	1	Period: 2  Name: FMSLR2 Capacity: 150 Site: 0	
ZLG444	1	Period: 22  Name: LR1A Capacity: 150 Site: 0	
FAA414	1	Period: 9  Name: LH2 Capacity: 1200 Site: 0	
MGTGST102	1	Period: 12  Name: LH2 Capacity: 1200 Site: 0	
THA394	1	Period: 21  Name: LR4A Capacity: 150 Site: 0	
FAA416	1	Period: 2  Name: LH1 Capacity: 1200 Site: 0	
SOC362	1	Period: 22  Name: FSS2 Capacity: 150 Site: 0	
MTH422	1	Period: 18  Name: FS3 Capacity: 150 Site: 0	
FAA316	1	Period: 17  Name: LT1 Capacity: 1200 Site: 0	
CMP322	1	Period: 24  Name: LR1A Capacity: 150 Site: 0	
ELS423	1	Period: 3  Name: LH2 Capacity: 1200 Site: 0	
AED112	1	Period: 11  Name: EN10 Capacity: 150 Site: 0	
CHM422	1	Period: 18  Name: LH2 Capacity: 1200 Site: 0	
CSC322	1	Period: 1  Name: LT2 Capacity: 1200 Site: 0	
PHY214	1	Period: 17  Name: FS3 Capacity: 150 Site: 0	
BED222	1	Period: 5  Name: EN2 Capacity: 150 Site: 0	
GEM262	1	Period: 17  Name: NSLH3 Capacity: 1200 Site: 0	
RST124	1	Period: 1  Name: ENLH1 Capacity: 1200 Site: 0	
MGT416	1	Period: 18  Name: LR3B Capacity: 150 Site: 0	
BLS424	1	Period: 5  Name: EN10 Capacity: 150 Site: 0	
SOC246	1	Period: 18  Name: FSS1 Capacity: 150 Site: 0	
EDM308	1	Period: 10  Name: LT1 Capacity: 1200 Site: 0	
HSD442	1	Period: 19  Name: LR4A Capacity: 150 Site: 0	
EEE584	1	Period: 12  Name: ENLH2 Capacity: 1200 Site: 0	
HSD122	1	Period: 24  Name: LR4A Capacity: 150 Site: 0	
ZLG446	1	Period: 11  Name: FS5 Capacity: 150 Site: 0	
GEL244	1	Period: 4  Name: LR3B Capacity: 150 Site: 0	
PHL325	1	Period: 16  Name: LR4A Capacity: 150 Site: 0	
SSE214	1	Period: 3  Name: LR1B Capacity: 150 Site: 0	
HSD124	1	Period: 1  Name: EN9 Capacity: 150 Site: 0	
TEW322	1	Period: 2  Name: LR1B Capacity: 150 Site: 0	
SSE318	1	Period: 2  Name: EN5 Capacity: 150 Site: 0	
HSD348	1	Period: 12  Name: LR4A Capacity: 150 Site: 0	
EDM310	1	Period: 16  Name: LT1 Capacity: 1200 Site: 0	
PHY452	1	Period: 8  Name: LR4B Capacity: 150 Site: 0	
BLS416	1	Period: 24  Name: LR1B Capacity: 150 Site: 0	
HDD224	1	Period: 4  Name: EN5 Capacity: 150 Site: 0	
MTH326	1	Period: 2  Name: NSLH1 Capacity: 1200 Site: 0	
ANS406	1	Period: 7  Name: EN5 Capacity: 150 Site: 0	
FAA368	1	Period: 5  Name: EN9 Capacity: 150 Site: 0	
SSE216	1	Period: 16  Name: EN5 Capacity: 150 Site: 0	
ELS326	1	Period: 7  Name: EN9 Capacity: 150 Site: 0	
ADE448	1	Period: 17  Name: LT3 Capacity: 1200 Site: 0	
GCE312	1	Period: 7  Name: NSLH1 Capacity: 1200 Site: 0	
BEM312	1	Period: 10  Name: EN5 Capacity: 150 Site: 0	
CSC406	1	Period: 17  Name: EN5 Capacity: 150 Site: 0	
ELS226	1	Period: 1  Name: NSLH1 Capacity: 1200 Site: 0	
MTH456	1	Period: 12  Name: FS5 Capacity: 150 Site: 0	
MGT314	1	Period: 12  Name: FMSLR2 Capacity: 150 Site: 0	
CMP308	1	Period: 10  Name: FS5 Capacity: 150 Site: 0	
AGRICPHY106	1	Period: 2  Name: LH3 Capacity: 1200 Site: 0	
ECO252	1	Period: 22  Name: EN5 Capacity: 150 Site: 0	
BUS324	1	Period: 10  Name: NSLH2 Capacity: 1200 Site: 0	
GEM322	1	Period: 8  Name: FSS2 Capacity: 150 Site: 0	
HSD234	1	Period: 23  Name: EN7 Capacity: 150 Site: 0	
FAB322	1	Period: 4  Name: FMSLR2 Capacity: 150 Site: 0	
SOC312	1	Period: 12  Name: LR3B Capacity: 150 Site: 0	
SOC348	1	Period: 8  Name: LR3B Capacity: 150 Site: 0	
THA432	1	Period: 22  Name: EN7 Capacity: 150 Site: 0	
ELS324	1	Period: 1  Name: NSLH3 Capacity: 1200 Site: 0	
SOC346	1	Period: 17  Name: EN7 Capacity: 150 Site: 0	
FAB212	1	Period: 15  Name: LH3 Capacity: 1200 Site: 0	
ACC312	1	Period: 6  Name: FMSLR2 Capacity: 150 Site: 0	
SCIGST212	1	Period: 6  Name: NSLH2 Capacity: 1200 Site: 0	
MGTGST110	1	Period: 16  Name: FMSLR2 Capacity: 150 Site: 0	
MEE392	1	Period: 11  Name: ENLH2 Capacity: 1200 Site: 0	
KHE216	1	Period: 20  Name: LR1B Capacity: 150 Site: 0	
ECO462	1	Period: 2  Name: LR3A Capacity: 150 Site: 0	
THA214	1	Period: 5  Name: FAA2 Capacity: 150 Site: 0	
CMP314	1	Period: 0  Name: LR4A Capacity: 150 Site: 0	
THA346	1	Period: 12  Name: EN2 Capacity: 150 Site: 0	
PHL421	1	Period: 9  Name: FAA2 Capacity: 150 Site: 0	
GEL328	1	Period: 3  Name: LR3A Capacity: 150 Site: 0	
OIM352	1	Period: 10  Name: LR1B Capacity: 150 Site: 0	
ZLG306	1	Period: 5  Name: FS3 Capacity: 150 Site: 0	
BUS122	1	Period: 24  Name: LH1 Capacity: 1200 Site: 0	
TED232	1	Period: 11  Name: EN6 Capacity: 150 Site: 0	
MAE382	1	Period: 4  Name: EN4 Capacity: 150 Site: 0	
EEE234	1	Period: 19  Name: EN7 Capacity: 150 Site: 0	
BLS404	1	Period: 18  Name: LR1A Capacity: 150 Site: 0	
MTH204	1	Period: 16  Name: LR1B Capacity: 150 Site: 0	
GEM232	1	Period: 11  Name: LH1 Capacity: 1200 Site: 0	
TEA322	1	Period: 5  Name: NSLH3 Capacity: 1200 Site: 0	
MTH218	1	Period: 7  Name: LT3 Capacity: 1200 Site: 0	
MGT324	1	Period: 0  Name: FMSLR2 Capacity: 150 Site: 0	
ELS123	1	Period: 9  Name: LT1 Capacity: 1200 Site: 0	
VTE112	1	Period: 4  Name: LT1 Capacity: 1200 Site: 0	
EEE334	1	Period: 1  Name: EN7 Capacity: 150 Site: 0	
AED132	1	Period: 3  Name: EN5 Capacity: 150 Site: 0	
HSD428	1	Period: 10  Name: EN2 Capacity: 150 Site: 0	
GEM112	1	Period: 15  Name: ENLH2 Capacity: 1200 Site: 0	
FAA366	1	Period: 19  Name: FAA2 Capacity: 150 Site: 0	
MTH354	1	Period: 3  Name: FS3 Capacity: 150 Site: 0	
CHM352	1	Period: 6  Name: LT1 Capacity: 1200 Site: 0	
ECO362	1	Period: 8  Name: LT1 Capacity: 1200 Site: 0	
GEM312	1	Period: 12  Name: FSS1 Capacity: 150 Site: 0	
ELS325	1	Period: 20  Name: FAA2 Capacity: 150 Site: 0	
GEL216	1	Period: 22  Name: FS5 Capacity: 150 Site: 0	
FAB418	1	Period: 2  Name: FMSLR5 Capacity: 150 Site: 0	
RST425	1	Period: 20  Name: LR4A Capacity: 150 Site: 0	
HED116	1	Period: 7  Name: NSLH3 Capacity: 1200 Site: 0	
PHY102	1	Period: 11  Name: LT3 Capacity: 1200 Site: 0	
BLS422	1	Period: 23  Name: LR1A Capacity: 150 Site: 0	
FAA356	1	Period: 22  Name: LR4A Capacity: 150 Site: 0	
POL382	1	Period: 24  Name: FSS1 Capacity: 150 Site: 0	
SCIGST110	1	Period: 10  Name: NSLH1 Capacity: 1200 Site: 0	
SSE218	1	Period: 0  Name: EN5 Capacity: 150 Site: 0	
GEL300	1	Period: 20  Name: LR1A Capacity: 150 Site: 0	
GEM452	1	Period: 22  Name: FSS1 Capacity: 150 Site: 0	
TEE212	1	Period: 18  Name: NSLH1 Capacity: 1200 Site: 0	
EEE380	1	Period: 20  Name: ENLH2 Capacity: 1200 Site: 0	
GCE422	1	Period: 9  Name: LT3 Capacity: 1200 Site: 0	
RST324	1	Period: 7  Name: ENLH1 Capacity: 1200 Site: 0	
GEL350	1	Period: 10  Name: LR1A Capacity: 150 Site: 0	
BEO312	1	Period: 3  Name: NSLH3 Capacity: 1200 Site: 0	
AGRICGST102	1	Period: 5  Name: LT1 Capacity: 1200 Site: 0	
GEL490	1	Period: 0  Name: LR1A Capacity: 150 Site: 0	
SOC344	1	Period: 1  Name: FSS1 Capacity: 150 Site: 0	
SOC448	1	Period: 0  Name: FSS1 Capacity: 150 Site: 0	
GEL344	1	Period: 1  Name: LR1A Capacity: 150 Site: 0	
MEE362	1	Period: 23  Name: EN6 Capacity: 150 Site: 0	
GEM342	1	Period: 0  Name: NSLH3 Capacity: 1200 Site: 0	
GEL206	1	Period: 15  Name: LR1A Capacity: 150 Site: 0	
ECO394	1	Period: 5  Name: FSS1 Capacity: 150 Site: 0	
CSC404	1	Period: 2  Name: NSLH3 Capacity: 1200 Site: 0	
POL482	1	Period: 20  Name: FSS2 Capacity: 150 Site: 0	
FAS354	1	Period: 4  Name: NSLH3 Capacity: 1200 Site: 0	
BLS212	1	Period: 4  Name: LR1A Capacity: 150 Site: 0	
MTH302	1	Period: 21  Name: FS5 Capacity: 150 Site: 0	
OIM222	1	Period: 20  Name: FMSLR5 Capacity: 150 Site: 0	
ECO212	1	Period: 16  Name: AUD Capacity: 1200 Site: 0	
FAA124	1	Period: 16  Name: LH1 Capacity: 1200 Site: 0	
FAA376	1	Period: 22  Name: LR2A Capacity: 150 Site: 0	
CSC302	1	Period: 6  Name: LH1 Capacity: 1200 Site: 0	
EDU362	1	Period: 20  Name: AUD Capacity: 1200 Site: 0	
AEE512	1	Period: 3  Name: EN4 Capacity: 150 Site: 0	
SSE118	1	Period: 23  Name: LR1B Capacity: 150 Site: 0	
HSD434	1	Period: 11  Name: LR2A Capacity: 150 Site: 0	
ECO422	1	Period: 21  Name: LH1 Capacity: 1200 Site: 0	
SOC342	1	Period: 15  Name: FSS1 Capacity: 150 Site: 0	
ECO292	1	Period: 2  Name: LR4A Capacity: 150 Site: 0	
ECO272	1	Period: 0  Name: AUD Capacity: 1200 Site: 0	
BEA312	1	Period: 22  Name: LR1B Capacity: 150 Site: 0	
MEE532	1	Period: 22  Name: ENLH2 Capacity: 1200 Site: 0	
AGRICGST110	1	Period: 8  Name: AUD Capacity: 1200 Site: 0	
CHE514	1	Period: 18  Name: ENLH2 Capacity: 1200 Site: 0	
FAA452	1	Period: 17  Name: ENLH1 Capacity: 1200 Site: 0	
CHE566	1	Period: 17  Name: ENLH2 Capacity: 1200 Site: 0	
PHL322	1	Period: 9  Name: LR2A Capacity: 150 Site: 0	
POL286	1	Period: 20  Name: LR3B Capacity: 150 Site: 0	
VTE204	1	Period: 18  Name: LH1 Capacity: 1200 Site: 0	
ELS321	1	Period: 17  Name: EN9 Capacity: 150 Site: 0	
OIM432	1	Period: 20  Name: FMSLR2 Capacity: 150 Site: 0	
SOC484	1	Period: 1  Name: LR3A Capacity: 150 Site: 0	
MTH102	1	Period: 12  Name: LT3 Capacity: 1200 Site: 0	
TEM412	1	Period: 18  Name: LR1B Capacity: 150 Site: 0	
HSD426	1	Period: 15  Name: EN7 Capacity: 150 Site: 0	
MTH316	1	Period: 22  Name: LR3A Capacity: 150 Site: 0	
SOC462	1	Period: 11  Name: LR3A Capacity: 150 Site: 0	
MKG212	1	Period: 7  Name: NSLH2 Capacity: 1200 Site: 0	
HSD338	1	Period: 24  Name: FAA2 Capacity: 150 Site: 0	
INS318	1	Period: 21  Name: FMSLR5 Capacity: 150 Site: 0	
RST327	1	Period: 3  Name: LR4A Capacity: 150 Site: 0	
RST424	1	Period: 7  Name: LH3 Capacity: 1200 Site: 0	
HSD346	1	Period: 4  Name: EN2 Capacity: 150 Site: 0	
BEA322	1	Period: 12  Name: LR1B Capacity: 150 Site: 0	
ELS414	1	Period: 24  Name: EN7 Capacity: 150 Site: 0	
FAA372	1	Period: 9  Name: EN9 Capacity: 150 Site: 0	
TEW332	1	Period: 21  Name: LR1B Capacity: 150 Site: 0	
AEE534	1	Period: 6  Name: ENLH2 Capacity: 1200 Site: 0	
PHL425	1	Period: 21  Name: EN9 Capacity: 150 Site: 0	
BUS222	1	Period: 8  Name: LH3 Capacity: 1200 Site: 0	
TED112	1	Period: 19  Name: LR1B Capacity: 150 Site: 0	
FAB332	1	Period: 6  Name: FMSLR5 Capacity: 150 Site: 0	
GEL238	1	Period: 9  Name: LR3B Capacity: 150 Site: 0	
PEE554	1	Period: 3  Name: EN7 Capacity: 150 Site: 0	
THA468	1	Period: 3  Name: EN2 Capacity: 150 Site: 0	
HSD332	1	Period: 19  Name: EN9 Capacity: 150 Site: 0	
BED132	1	Period: 24  Name: EN5 Capacity: 150 Site: 0	
BLS452	1	Period: 17  Name: LR3B Capacity: 150 Site: 0	
MEE582	1	Period: 0  Name: EN7 Capacity: 150 Site: 0	
GEM352	1	Period: 6  Name: NSLH3 Capacity: 1200 Site: 0	
ELS224	1	Period: 20  Name: EN9 Capacity: 150 Site: 0	
RST123	1	Period: 21  Name: EN5 Capacity: 150 Site: 0	
OIM112	1	Period: 17  Name: FMSLR2 Capacity: 150 Site: 0	
EDU300	1	Period: 21  Name: ENLH2 Capacity: 1200 Site: 0	
SSE312	1	Period: 18  Name: EN5 Capacity: 150 Site: 0	
HSD134	1	Period: 15  Name: FAA1 Capacity: 150 Site: 0	
TEE322	1	Period: 19  Name: EN5 Capacity: 150 Site: 0	
CMP428	1	Period: 7  Name: FS5 Capacity: 150 Site: 0	
MTH104	1	Period: 15  Name: LH1 Capacity: 1200 Site: 0	
EDUGST100	1	Period: 16  Name: LH3 Capacity: 1200 Site: 0	
OIM114	1	Period: 7  Name: FMSLR5 Capacity: 150 Site: 0	
AGE252	1	Period: 18  Name: LT3 Capacity: 1200 Site: 0	
TEA432	1	Period: 15  Name: EN5 Capacity: 150 Site: 0	
INS434	1	Period: 8  Name: FMSLR5 Capacity: 150 Site: 0	
TEA422	1	Period: 1  Name: EN5 Capacity: 150 Site: 0	
ECO482	1	Period: 16  Name: LR3A Capacity: 150 Site: 0	
RST321	1	Period: 11  Name: NSLH1 Capacity: 1200 Site: 0	
THA334	1	Period: 19  Name: FAA1 Capacity: 150 Site: 0	
OIM322	1	Period: 18  Name: FMSLR5 Capacity: 150 Site: 0	
EEE352	1	Period: 22  Name: EN4 Capacity: 150 Site: 0	
FCE202	1	Period: 9  Name: NSLH1 Capacity: 1200 Site: 0	
BED412	1	Period: 17  Name: LH3 Capacity: 1200 Site: 0	
HSD222	1	Period: 19  Name: LH3 Capacity: 1200 Site: 0	
SSE316	1	Period: 11  Name: EN5 Capacity: 150 Site: 0	
HSD224	1	Period: 18  Name: FAA1 Capacity: 150 Site: 0	
ADU212	1	Period: 8  Name: EN5 Capacity: 150 Site: 0	
SOC444	1	Period: 6  Name: FSS2 Capacity: 150 Site: 0	
MCB332	1	Period: 0  Name: LR4B Capacity: 150 Site: 0	
BLS412	1	Period: 21  Name: LT3 Capacity: 1200 Site: 0	
CMP338	1	Period: 4  Name: FS5 Capacity: 150 Site: 0	
AEE522	1	Period: 21  Name: EN4 Capacity: 150 Site: 0	
FCE244	1	Period: 21  Name: NSLH3 Capacity: 1200 Site: 0	
THA112	1	Period: 24  Name: LH2 Capacity: 1200 Site: 0	
SOC442	1	Period: 5  Name: FSS2 Capacity: 150 Site: 0	
SED206	1	Period: 9  Name: EN5 Capacity: 150 Site: 0	
HSD232	1	Period: 6  Name: FAA3 Capacity: 150 Site: 0	
ANS222	1	Period: 23  Name: NSLH3 Capacity: 1200 Site: 0	
GEM414	1	Period: 3  Name: LR4B Capacity: 150 Site: 0	
INS326	1	Period: 0  Name: FMSLR5 Capacity: 150 Site: 0	
FAA352	1	Period: 9  Name: FAA1 Capacity: 150 Site: 0	
POL314	1	Period: 18  Name: FSS2 Capacity: 150 Site: 0	
ENGCHM102	1	Period: 8  Name: NSLH3 Capacity: 1200 Site: 0	
CVE334	1	Period: 2  Name: LR4B Capacity: 150 Site: 0	
CVE352	1	Period: 12  Name: EN7 Capacity: 150 Site: 0	
HSD444	1	Period: 9  Name: FAA3 Capacity: 150 Site: 0	
HSM212	1	Period: 11  Name: NSLH3 Capacity: 1200 Site: 0	
ECO372	1	Period: 16  Name: NSLH3 Capacity: 1200 Site: 0	
GCE223	1	Period: 18  Name: LT1 Capacity: 1200 Site: 0	
CHM312	1	Period: 24  Name: FS3 Capacity: 150 Site: 0	
SOC244	1	Period: 1  Name: FAA1 Capacity: 150 Site: 0	
GEM152	1	Period: 10  Name: FSS2 Capacity: 150 Site: 0	
AED332	1	Period: 5  Name: EN5 Capacity: 150 Site: 0	
AEE542	1	Period: 9  Name: LR4B Capacity: 150 Site: 0	
FAA472	1	Period: 0  Name: FAA2 Capacity: 150 Site: 0	
PHY454	1	Period: 6  Name: LR4A Capacity: 150 Site: 0	
BED212	1	Period: 12  Name: EN5 Capacity: 150 Site: 0	
EDM232	1	Period: 23  Name: AUD Capacity: 1200 Site: 0	
BUS422	1	Period: 24  Name: LT1 Capacity: 1200 Site: 0	
FAA252	1	Period: 12  Name: FAA1 Capacity: 150 Site: 0	
TED312	1	Period: 1  Name: LH1 Capacity: 1200 Site: 0	
SOC116	1	Period: 3  Name: LR3B Capacity: 150 Site: 0	
FAA464	1	Period: 20  Name: EN10 Capacity: 150 Site: 0	
OIM232	1	Period: 9  Name: FMSLR5 Capacity: 150 Site: 0	
SSE116	1	Period: 24  Name: ENLH2 Capacity: 1200 Site: 0	
ECO312	1	Period: 6  Name: LR1B Capacity: 150 Site: 0	
AED122	1	Period: 5  Name: LR1B Capacity: 150 Site: 0	
RST121	1	Period: 8  Name: LH2 Capacity: 1200 Site: 0	
STA106	1	Period: 23  Name: ENLH2 Capacity: 1200 Site: 0	
FAB324	1	Period: 19  Name: FMSLR2 Capacity: 150 Site: 0	
GCE412	1	Period: 17  Name: LT2 Capacity: 1200 Site: 0	
FAS344	1	Period: 11  Name: LR1B Capacity: 150 Site: 0	
TEB312	1	Period: 15  Name: LR1B Capacity: 150 Site: 0	
FCE532	1	Period: 15  Name: LT1 Capacity: 1200 Site: 0	
HED306	1	Period: 17  Name: LR1B Capacity: 150 Site: 0	
FCE212	1	Period: 19  Name: LT2 Capacity: 1200 Site: 0	
STA336	1	Period: 19  Name: LR1A Capacity: 150 Site: 0	
FCE216	1	Period: 7  Name: EN4 Capacity: 150 Site: 0	
MKG414	1	Period: 10  Name: LT2 Capacity: 1200 Site: 0	
SOC242	1	Period: 23  Name: FSS1 Capacity: 150 Site: 0	
AGRICGST212	1	Period: 8  Name: LT2 Capacity: 1200 Site: 0	
FAA374	1	Period: 21  Name: EN10 Capacity: 150 Site: 0	
BED232	1	Period: 8  Name: LR1B Capacity: 150 Site: 0	
FAS404	1	Period: 9  Name: LR1B Capacity: 150 Site: 0	
SCICHM102	1	Period: 22  Name: LT1 Capacity: 1200 Site: 0	
MKG464	1	Period: 21  Name: LR4B Capacity: 150 Site: 0	
ECO214	1	Period: 7  Name: LR1B Capacity: 150 Site: 0	
PHL323	1	Period: 5  Name: FAA3 Capacity: 150 Site: 0	
EDU122	1	Period: 20  Name: LH2 Capacity: 1200 Site: 0	
FAA348	1	Period: 7  Name: FAA3 Capacity: 150 Site: 0	
SOC252	1	Period: 4  Name: FSS1 Capacity: 150 Site: 0	
ACC212	1	Period: 19  Name: LH2 Capacity: 1200 Site: 0	
TEW412	1	Period: 1  Name: LR1B Capacity: 150 Site: 0	
FAS342	1	Period: 0  Name: LR1B Capacity: 150 Site: 0	
PHL422	1	Period: 20  Name: FAA1 Capacity: 150 Site: 0	
EDM204	1	Period: 3  Name: LT2 Capacity: 1200 Site: 0	
GEM236	1	Period: 6  Name: FSS1 Capacity: 150 Site: 0	
BLS232	1	Period: 2  Name: FS3 Capacity: 150 Site: 0	
MEE562	1	Period: 4  Name: ENLH2 Capacity: 1200 Site: 0	
FAA422	1	Period: 3  Name: FAA2 Capacity: 150 Site: 0	
